WH_train_2548	10	44	false	
WH_train_2554	1	62	true	
WH_train_2559	1	102	true	
WH_train_2574	1	104	true	
WH_train_2581	1	101	true	
WH_train_2588	1	103	true	
WH_train_2646	1	100	true	
WH_train_2661	1	93	true	
WH_train_2672	1	4	true	
WH_train_2673	1	100	true	
WH_train_2680	1	89	true	
WH_train_2688	1	40	true	
WH_train_2690	1	4	true	
WH_train_2691	1	14	true	
WH_train_2701	1	64	true	
WH_train_2717	1	19	true	
WH_train_2728	1	78	true	
WH_train_2757	1	102	true	
WH_train_2776	1	101	true	
WH_train_2780	1	100	true	
WH_train_2785	1	25	true	
WH_train_2807	1	109	true	
WH_train_2815	1	100	true	
WH_train_2819	1	104	true	
WH_train_2822	1	98	true	
WH_train_2829	1	11	true	
WH_train_2845	1	12	true	
WH_train_2873	1	16	true	
WH_train_2892	1	102	true	
WH_train_2903	1	9	true	
WH_train_2908	1	6	true	
WH_train_2909	1	12	true	
WH_train_2913	1	74	true	
WH_train_2929	1	17	true	
WH_train_2934	1	103	true	
WH_train_2943	1	13	true	
WH_train_2944	1	108	true	
WH_train_2947	1	47	true	
WH_train_2951	1	25	true	
WH_train_2952	1	71	true	
WH_train_2955	1	101	true	
WH_train_2960	1	102	true	
WH_train_2964	1	102	true	
WH_train_2978	1	25	true	
WH_train_2979	1	104	true	
WH_train_2991	1	106	true	
WH_train_3010	1	86	true	
WH_train_3022	1	33	true	
WH_train_3026	1	101	true	
WH_train_3032	1	3	true	
WH_train_3072	1	109	true	
WH_train_3073	1	102	true	
WH_train_3078	1	101	true	
WH_train_3095	1	101	true	
WH_train_3098	1	101	true	
WH_train_3124	1	59	true	
WH_train_3131	1	104	true	
WH_train_3136	1	11	true	
WH_train_3161	1	2	true	
WH_train_3164	1	55	true	
WH_train_3171	1	102	true	
WH_train_3179	1	58	true	
WH_train_3180	1	10	true	
WH_train_3182	1	102	true	
WH_train_3187	1	100	true	
WH_train_3209	10	100	false	
WH_train_3218	1	17	true	
WH_train_3223	1	49	true	
WH_train_3232	1	38	true	
WH_train_3243	1	60	true	
WH_train_3276	1	106	true	
WH_train_3278	1	105	true	
WH_train_3287	1	90	true	
WH_train_3314	1	90	true	
WH_train_3325	1	21	true	
WH_train_3353	1	7	true	
WH_train_3355	1	100	true	
WH_train_3362	1	100	true	
WH_train_3363	1	30	true	
WH_train_3365	1	100	true	
WH_train_3367	1	9	true	
WH_train_3371	1	103	true	
WH_train_3372	1	19	true	
WH_train_3386	1	25	true	
WH_train_3399	1	20	true	
WH_train_3414	1	100	true	
WH_train_3416	1	101	true	
WH_train_3419	1	101	true	
WH_train_3426	1	6	true	
WH_train_3429	1	60	true	
WH_train_3436	1	94	true	
WH_train_3440	1	102	true	
WH_train_3450	1	5	true	
WH_train_3468	1	38	true	
WH_train_3475	10	63	false	
WH_train_3476	1	37	true	
WH_train_3480	1	68	true	
WH_train_3498	1	90	true	
WH_train_3509	1	81	true	
WH_train_3523	1	100	true	
WH_train_3529	1	16	true	
WH_train_3531	1	9	true	
WH_train_3548	1	51	true	
WH_train_3569	1	17	true	
WH_train_3574	1	45	true	
WH_train_3585	1	101	true	
WH_train_3586	1	106	true	
WH_train_3593	1	9	true	
WH_train_3601	1	104	true	
WH_train_3602	1	100	true	
WH_train_3623	1	100	true	
WH_train_3665	1	40	true	
WH_train_3671	1	101	true	
WH_train_3683	1	75	true	
WH_train_3717	1	82	true	
WH_train_3720	1	101	true	
WH_train_3721	1	104	true	
WH_train_3725	1	103	true	
WH_train_3732	1	101	true	
WH_train_3734	1	106	true	
WH_train_3744	1	105	true	
WH_train_3747	1	8	true	
WH_train_3750	1	102	true	
WH_train_3757	1	101	true	
WH_train_3767	1	36	true	
WH_train_3770	10	47	false	
WH_train_3794	10	89	false	
WH_train_3796	1	101	true	
WH_train_3811	1	88	true	
WH_train_3823	1	101	true	
WH_train_3824	1	41	true	
WH_train_3827	10	108	false	
WH_train_3852	1	100	true	
WH_train_3857	1	101	true	
WH_train_3876	1	44	true	
WH_train_3934	1	52	true	
WH_train_3939	1	84	true	
WH_train_3959	1	102	true	
WH_train_3967	1	52	true	
WH_train_4005	1	94	true	
WH_train_4026	1	4	true	
WH_train_4031	1	91	true	
WH_train_4036	1	80	true	
WH_train_4046	1	51	true	
WH_train_4060	1	104	true	
WH_train_4063	1	101	true	
WH_train_4072	1	19	true	
WH_train_4073	1	3	true	
WH_train_4082	1	73	true	
WH_train_4097	1	102	true	
WH_train_4107	1	101	true	
WH_train_4111	1	98	true	
WH_train_4116	10	103	false	
WH_train_4117	1	84	true	
WH_train_4122	1	52	true	
WH_train_4130	1	63	true	
WH_train_4131	1	27	true	
WH_train_4137	1	101	true	
WH_train_4144	1	105	true	
WH_train_4154	1	17	true	
WH_train_4179	1	103	true	
WH_train_4182	1	111	true	
WH_train_4190	1	100	true	
WH_train_4202	1	100	true	
WH_train_4210	1	102	true	
WH_train_4217	1	104	true	
WH_train_4226	1	8	true	
WH_train_4249	1	96	true	
WH_train_4250	1	104	true	
WH_train_4256	1	21	true	
WH_train_4257	1	104	true	
WH_train_4260	1	103	true	
WH_train_4266	1	103	true	
WH_train_4275	1	7	true	
WH_train_4279	1	101	true	
WH_train_4286	1	11	true	
WH_train_4289	1	103	true	
WH_train_4292	1	102	true	
WH_train_4298	10	100	false	
WH_train_4328	1	37	true	
WH_train_4330	1	106	true	
WH_train_4348	1	19	true	
WH_train_4367	10	105	false	
WH_train_4390	1	106	true	
WH_train_4393	1	102	true	
WH_train_4394	1	102	true	
WH_train_4403	1	104	true	
WH_train_4408	1	73	true	
WH_train_4415	1	63	true	
WH_train_4417	1	101	true	
WH_train_4418	1	101	true	
WH_train_4420	1	101	true	
WH_train_4425	1	32	true	
WH_train_4426	1	26	true	
WH_train_4446	1	3	true	
WH_train_4449	1	22	true	
WH_train_4469	1	103	true	
WH_train_4478	1	36	true	
WH_train_4479	1	100	true	
WH_train_4481	1	15	true	
WH_train_4488	1	97	true	
WH_train_4501	1	15	true	
WH_train_4503	1	104	true	
WH_train_4517	1	18	true	
WH_train_4533	1	61	true	
WH_train_4543	1	101	true	
WH_train_4549	1	89	true	
WH_train_4577	1	106	true	
WH_train_4579	1	12	true	
WH_train_4593	1	100	true	
WH_train_4598	1	105	true	
WH_train_4604	1	63	true	
WH_train_4613	1	75	true	
WH_train_4639	1	102	true	
WH_train_4645	10	74	false	
WH_train_4684	1	104	true	
WH_train_4685	1	13	true	
WH_train_4690	1	103	true	
WH_train_4719	1	10	true	
WH_train_4721	1	101	true	
WH_train_4723	1	8	true	
WH_train_4732	1	33	true	
WH_train_4754	1	104	true	
WH_train_4765	1	102	true	
WH_train_4781	1	101	true	
WH_train_4788	1	99	true	
WH_train_4794	1	50	true	
WH_train_4822	1	98	true	
WH_train_4824	1	104	true	
WH_train_4826	1	77	true	
WH_train_4827	1	97	true	
WH_train_4828	1	92	true	
WH_train_4832	1	45	true	
WH_train_4837	1	100	true	
WH_train_4838	1	101	true	
WH_train_4872	1	9	true	
WH_train_4892	1	105	true	
WH_train_4903	1	102	true	
WH_train_4934	1	36	true	
WH_train_4935	1	102	true	
WH_train_4949	1	101	true	
WH_train_4954	1	37	true	
WH_train_4955	1	27	true	
WH_train_4974	1	103	true	
WH_train_4981	1	26	true	
WH_train_4990	1	101	true	
WH_train_4991	1	81	true	
WH_train_5013	1	101	true	
WH_train_5053	1	107	true	
WH_train_5064	1	101	true	
WH_train_5069	1	24	true	
WH_train_5072	1	103	true	
WH_train_5075	10	102	false	
WH_train_5077	1	6	true	
WH_train_5079	1	107	true	
WH_train_5081	1	3	true	
WH_train_5082	1	22	true	
WH_train_5083	1	26	true	
WH_train_5090	1	106	true	
WH_train_5109	1	53	true	
WH_train_5113	1	101	true	
WH_train_5127	1	101	true	
WH_train_5129	1	105	true	
WH_train_5142	1	102	true	
WH_train_5143	10	46	false	
WH_train_5147	1	103	true	
WH_train_5152	1	100	true	
WH_train_5163	1	107	true	
WH_train_5165	1	83	true	
WH_train_5169	1	102	true	
WH_train_5171	1	102	true	
WH_train_5179	1	101	true	
WH_train_5196	1	55	true	
WH_train_5208	1	102	true	
WH_train_5222	1	101	true	
WH_train_5225	1	101	true	
WH_train_5245	1	53	true	
WH_train_5263	1	108	true	
WH_train_5269	1	102	true	
WH_train_5301	1	63	true	
WH_train_5305	1	4	true	
WH_train_5319	1	77	true	
WH_train_5325	1	36	true	
WH_train_5335	1	14	true	
WH_train_5354	1	102	true	
WH_train_5362	1	101	true	
WH_train_5388	1	35	true	
WH_train_5394	1	100	true	
WH_train_5403	1	101	true	
WH_train_5413	10	97	false	
WH_train_5417	1	100	true	
WH_train_5423	1	44	true	
WH_train_5445	1	101	true	
WH_train_5446	1	35	true	
WH_train_5448	1	70	true	
WH_train_5451	1	73	true	
WH_train_5460	1	9	true	
WH_train_5470	1	100	true	
WH_train_5478	1	106	true	
WH_train_5481	1	98	true	
WH_train_5482	1	102	true	
WH_train_5490	1	12	true	
WH_train_5527	1	101	true	
WH_train_5534	1	17	true	
WH_train_5535	1	44	true	
WH_train_5536	1	106	true	
WH_train_5539	1	102	true	
WH_train_5543	1	103	true	
WH_train_5546	1	37	true	
WH_train_5552	1	8	true	
WH_train_5558	1	93	true	
WH_train_5562	1	103	true	
WH_train_5569	1	11	true	
WH_train_5581	1	78	true	
WH_train_5586	1	101	true	
WH_train_5595	1	102	true	
WH_train_5600	1	100	true	
WH_train_5605	1	105	true	
WH_train_5611	1	65	true	
WH_train_5624	1	101	true	
WH_train_5645	1	56	true	
WH_train_5666	1	102	true	
WH_train_5673	10	71	false	
WH_train_5681	10	80	false	
WH_train_5686	1	101	true	
WH_train_5698	1	3	true	
WH_train_5711	1	100	true	
WH_train_5713	10	107	false	
WH_train_5715	10	104	false	
WH_train_5770	1	12	true	
WH_train_5783	1	80	true	
WH_train_5787	10	102	false	
WH_train_5789	1	47	true	
WH_train_5817	1	78	true	
WH_train_5818	1	104	true	
WH_train_5827	1	103	true	
WH_train_5830	1	100	true	
WH_train_5850	1	20	true	
WH_train_5853	1	96	true	
WH_train_5862	1	94	true	
WH_train_5868	1	29	true	
WH_train_5871	1	75	true	
WH_train_5875	1	23	true	
WH_train_5881	1	102	true	
WH_train_5888	1	81	true	
WH_train_5892	10	104	false	
WH_train_5895	1	100	true	
WH_train_5909	1	49	true	
WH_train_5929	1	23	true	
WH_train_5946	1	38	true	
WH_train_5972	1	29	true	
WH_train_5978	1	104	true	
WH_train_5980	1	15	true	
WH_train_5989	1	105	true	
WH_train_5997	1	102	true	
WH_train_6011	10	60	false	
WH_train_6026	1	106	true	
WH_train_6035	1	35	true	
WH_train_6049	1	104	true	
WH_train_6056	1	25	true	
WH_train_6058	1	30	true	
WH_train_6061	1	102	true	
WH_train_6073	1	5	true	
WH_train_6088	1	104	true	
WH_train_6089	1	28	true	
WH_train_6092	1	102	true	
WH_train_6093	1	101	true	
WH_train_6097	1	106	true	
WH_train_6101	1	101	true	
WH_train_6114	1	23	true	
WH_train_6127	1	101	true	
WH_train_6133	1	54	true	
WH_train_6138	1	102	true	
WH_train_6139	1	103	true	
WH_train_6160	1	45	true	
WH_train_6161	1	100	true	
WH_train_6164	1	102	true	
WH_train_6168	1	102	true	
WH_train_6172	1	102	true	
WH_train_6180	1	103	true	
WH_train_6181	1	102	true	
WH_train_6193	1	105	true	
WH_train_6196	1	100	true	
WH_train_6212	1	101	true	
WH_train_6234	1	103	true	
WH_train_6235	1	100	true	
WH_train_6239	1	103	true	
WH_train_6256	1	104	true	
WH_train_6265	1	13	true	
WH_train_6279	10	101	false	
WH_train_6284	1	102	true	
WH_train_6291	1	70	true	
WH_train_6307	1	35	true	
WH_train_6319	1	101	true	
WH_train_6347	1	100	true	
WH_train_6354	1	100	true	
WH_train_6367	1	65	true	
WH_train_6371	1	52	true	
WH_train_6375	1	102	true	
WH_train_6376	1	96	true	
WH_train_6378	1	29	true	
WH_train_6386	1	103	true	
WH_train_6393	1	102	true	
WH_train_6397	1	3	true	
WH_train_6398	1	103	true	
WH_train_6415	1	12	true	
WH_train_6426	1	102	true	
WH_train_6434	1	66	true	
WH_train_6440	1	25	true	
WH_train_6444	1	101	true	
WH_train_6467	1	21	true	
WH_train_6473	1	100	true	
WH_train_6479	1	6	true	
WH_train_6483	1	39	true	
WH_train_6487	1	9	true	
WH_train_6494	1	102	true	
WH_train_6496	1	21	true	
WH_train_6506	1	39	true	
WH_train_6534	1	5	true	
WH_train_6541	10	59	false	
WH_train_6553	10	104	false	
WH_train_6556	1	101	true	
WH_train_6562	1	102	true	
WH_train_6564	1	15	true	
WH_train_6569	1	102	true	
WH_train_6584	1	4	true	
WH_train_6589	1	101	true	
WH_train_6600	1	101	true	
WH_train_6626	1	16	true	
WH_train_6642	1	80	true	
WH_train_6644	1	102	true	
WH_train_6657	10	101	false	
WH_train_6705	1	104	true	
WH_train_6706	1	103	true	
WH_train_6725	1	104	true	
WH_train_6737	1	9	true	
WH_train_6743	1	2	true	
WH_train_6764	1	62	true	
WH_train_6774	1	100	true	
WH_train_6781	1	101	true	
WH_train_6783	1	101	true	
WH_train_6786	1	48	true	
WH_train_6798	1	41	true	
WH_train_6806	1	91	true	
WH_train_6817	1	62	true	
WH_train_6822	1	102	true	
WH_train_6825	1	71	true	
WH_train_6831	1	29	true	
WH_train_6835	1	101	true	
WH_train_6844	1	22	true	
WH_train_6846	10	108	false	
WH_train_6852	1	93	true	
WH_train_6860	1	8	true	
WH_train_6886	1	101	true	
WH_train_6897	1	104	true	
WH_train_6900	1	30	true	
WH_train_6905	1	54	true	
WH_train_6913	10	55	false	
WH_train_6914	1	26	true	
WH_train_6915	1	101	true	
WH_train_6917	1	48	true	
WH_train_6930	1	101	true	
WH_train_6937	1	64	true	
WH_train_6938	1	24	true	
WH_train_6945	1	100	true	
WH_train_6946	1	100	true	
WH_train_6950	1	25	true	
WH_train_6971	1	90	true	
WH_train_6972	1	10	true	
WH_train_6992	1	99	true	
WH_train_7014	1	78	true	
WH_train_7016	1	103	true	
WH_train_7018	1	24	true	
WH_train_7036	1	106	true	
WH_train_7055	1	56	true	
WH_train_7073	1	102	true	
WH_train_7076	1	41	true	
WH_train_7090	1	20	true	
WH_train_7100	1	16	true	
WH_train_7142	1	103	true	
WH_train_7143	1	105	true	
WH_train_7151	1	57	true	
WH_train_7155	1	6	true	
WH_train_7164	1	86	true	
WH_train_7169	1	75	true	
WH_train_7172	1	26	true	
WH_train_7173	1	102	true	
WH_train_7174	1	82	true	
WH_train_7184	1	66	true	
WH_train_7203	1	104	true	
WH_train_7205	1	86	true	
WH_train_7211	1	102	true	
WH_train_7215	1	6	true	
WH_train_7224	1	47	true	
WH_train_7240	1	101	true	
WH_train_7242	1	103	true	
WH_train_7255	1	103	true	
WH_train_7259	1	89	true	
WH_train_7263	1	101	true	
WH_train_7272	1	100	true	
WH_train_7276	1	17	true	
WH_train_7279	1	66	true	
WH_train_7281	1	101	true	
WH_train_7286	1	103	true	
WH_train_7292	1	102	true	
WH_train_7308	1	34	true	
WH_train_7323	1	19	true	
WH_train_7329	1	101	true	
WH_train_7330	1	12	true	
WH_train_7357	1	47	true	
WH_train_7367	1	98	true	
WH_train_7382	1	100	true	
WH_train_7393	1	100	true	
WH_train_7420	1	14	true	
WH_train_7425	1	104	true	
WH_train_7433	1	114	true	
WH_train_7449	1	104	true	
WH_train_7450	1	102	true	
WH_train_7452	1	25	true	
WH_train_7457	1	12	true	
WH_train_7459	1	99	true	
WH_train_7481	1	94	true	
WH_train_7482	1	16	true	
WH_train_7491	1	103	true	
WH_train_7507	1	111	true	
WH_train_7508	1	101	true	
WH_train_7511	1	70	true	
WH_train_7514	1	28	true	
WH_train_7522	1	106	true	
WH_train_7523	1	2	true	
WH_train_7554	1	25	true	
WH_train_7559	1	96	true	
WH_train_7566	1	61	true	
WH_train_7573	1	104	true	
WH_train_7594	1	103	true	
WH_train_7599	1	102	true	
WH_train_7615	1	94	true	
WH_train_7638	1	103	true	
WH_train_7640	1	104	true	
WH_train_7642	1	104	true	
WH_train_7703	1	102	true	
WH_train_7705	1	4	true	
WH_train_7715	10	105	false	
WH_train_7718	1	89	true	
WH_train_7726	1	98	true	
WH_train_7730	1	42	true	
WH_train_7731	1	50	true	
WH_train_7735	1	79	true	
WH_train_7738	1	24	true	
WH_train_7740	1	24	true	
WH_train_7741	1	101	true	
WH_train_7742	1	101	true	
WH_train_7743	1	5	true	
WH_train_7762	1	11	true	
WH_train_7769	1	5	true	
WH_train_7770	1	100	true	
WH_train_7773	1	102	true	
WH_train_7776	1	41	true	
WH_train_7785	1	101	true	
WH_train_7787	1	101	true	
WH_train_7796	1	85	true	
WH_train_7807	1	100	true	
WH_train_7831	1	20	true	
WH_train_7832	1	100	true	
WH_train_7841	1	18	true	
WH_train_7847	1	100	true	
WH_train_7861	1	108	true	
WH_train_7884	1	38	true	
WH_train_7896	1	102	true	
WH_train_7898	1	102	true	
WH_train_7913	1	37	true	
WH_train_7931	1	93	true	
WH_train_7933	1	94	true	
WH_train_7940	1	100	true	
WH_train_7948	1	44	true	
WH_train_7953	1	35	true	
WH_train_7981	1	17	true	
WH_train_7982	1	102	true	
WH_train_7987	1	77	true	
WH_train_8011	1	82	true	
WH_train_8032	1	100	true	
WH_train_8042	1	6	true	
WH_train_8052	1	101	true	
WH_train_8062	1	92	true	
WH_train_8063	1	106	true	
WH_train_8069	1	102	true	
WH_train_8086	1	101	true	
WH_train_8087	1	16	true	
WH_train_8095	1	101	true	
WH_train_8102	1	102	true	
WH_train_8104	1	104	true	
WH_train_8105	1	104	true	
WH_train_8120	1	102	true	
WH_train_8123	1	102	true	
WH_train_8127	1	51	true	
WH_train_8180	1	105	true	
WH_train_8182	10	105	false	
WH_train_8185	1	11	true	
WH_train_8189	1	32	true	
WH_train_8197	1	99	true	
WH_train_8241	1	41	true	
WH_train_8244	1	76	true	
WH_train_8258	1	58	true	
WH_train_8266	1	104	true	
WH_train_8290	1	101	true	
WH_train_8291	1	100	true	
WH_train_8304	1	100	true	
WH_train_8311	1	16	true	
WH_train_8320	1	103	true	
WH_train_8346	10	102	false	
WH_train_8360	1	81	true	
WH_train_8361	1	68	true	
WH_train_8366	1	41	true	
WH_train_8391	1	100	true	
WH_train_8392	1	50	true	
WH_train_8393	1	19	true	
WH_train_8406	1	73	true	
WH_train_8421	1	96	true	
WH_train_8437	1	101	true	
WH_train_8438	1	103	true	
WH_train_8452	1	24	true	
WH_train_8458	1	3	true	
WH_train_8464	1	51	true	
WH_train_8467	1	32	true	
WH_train_8495	1	102	true	
WH_train_8502	1	59	true	
WH_train_8509	1	4	true	
WH_train_8510	1	17	true	
WH_train_8524	1	100	true	
WH_train_8529	1	104	true	
WH_train_8530	1	79	true	
WH_train_8536	1	4	true	
WH_train_8542	1	101	true	
WH_train_8553	1	101	true	
WH_train_8561	1	10	true	
WH_train_8562	1	50	true	
WH_train_8564	1	98	true	
WH_train_8587	1	103	true	
WH_train_8594	1	102	true	
WH_train_8597	1	22	true	
WH_train_8604	1	103	true	
WH_train_8631	1	62	true	
WH_train_8651	1	105	true	
WH_train_8677	1	8	true	
WH_train_8691	1	104	true	
WH_train_8692	1	7	true	
WH_train_8709	1	20	true	
WH_train_8711	1	33	true	
WH_train_8713	1	101	true	
WH_train_8714	1	103	true	
WH_train_8718	1	102	true	
WH_train_8721	1	21	true	
WH_train_8723	1	3	true	
WH_train_8731	1	102	true	
WH_train_8733	1	49	true	
WH_train_8747	1	76	true	
WH_train_8749	1	82	true	
WH_train_8771	1	94	true	
WH_train_8796	1	101	true	
WH_train_8802	1	14	true	
WH_train_8830	1	102	true	
WH_train_8832	1	90	true	
WH_train_8852	1	102	true	
WH_train_8862	1	88	true	
WH_train_8870	1	101	true	
WH_train_8876	1	106	true	
WH_train_8884	1	102	true	
WH_train_8910	1	14	true	
WH_train_8913	1	100	true	
WH_train_8950	1	100	true	
WH_train_8962	1	5	true	
WH_train_8967	1	101	true	
WH_train_8988	10	104	false	
WH_train_8989	1	105	true	
WH_train_8998	1	25	true	
WH_train_9006	1	98	true	
WH_train_9014	1	99	true	
WH_train_9018	1	99	true	
WH_train_9032	1	101	true	
WH_train_9063	1	41	true	
WH_train_9077	1	104	true	
WH_train_9101	1	83	true	
WH_train_9106	1	25	true	
WH_train_9107	1	101	true	
WH_train_9110	1	101	true	
WH_train_9118	1	101	true	
WH_train_9133	1	101	true	
WH_train_9162	1	93	true	
WH_train_9167	1	102	true	
WH_train_9172	10	81	false	
WH_train_9174	1	44	true	
WH_train_9180	1	84	true	
WH_train_9186	1	19	true	
WH_train_9189	1	104	true	
WH_train_9193	1	101	true	
WH_train_9197	1	103	true	
WH_train_9198	1	43	true	
WH_train_9215	1	101	true	
WH_train_9219	1	43	true	
WH_train_9233	1	62	true	
WH_train_9252	1	8	true	
WH_train_9280	1	7	true	
WH_train_9283	1	17	true	
WH_train_9288	1	28	true	
WH_train_9289	1	105	true	
WH_train_9290	10	86	false	
WH_train_9302	1	102	true	
WH_train_9304	1	6	true	
WH_train_9317	1	99	true	
WH_train_9323	1	102	true	
WH_train_9361	1	40	true	
WH_train_9369	1	87	true	
WH_train_9381	1	104	true	
WH_train_9402	1	101	true	
WH_train_9406	1	100	true	
WH_train_9411	1	101	true	
WH_train_9417	1	102	true	
WH_train_9420	1	28	true	
WH_train_9435	1	14	true	
WH_train_9439	1	100	true	
WH_train_9452	1	98	true	
WH_train_9457	1	101	true	
WH_train_9477	1	83	true	
WH_train_9489	1	52	true	
WH_train_9494	1	100	true	
WH_train_9514	1	38	true	
WH_train_9533	1	52	true	
WH_train_9563	1	13	true	
WH_train_9567	1	76	true	
WH_train_9574	1	103	true	
WH_train_9580	1	101	true	
WH_train_9589	1	100	true	
WH_train_9601	1	72	true	
WH_train_9604	1	21	true	
WH_train_9613	10	107	false	
WH_train_9614	1	104	true	
WH_train_9624	1	104	true	
WH_train_9625	1	100	true	
WH_train_9644	1	16	true	
WH_train_9662	1	27	true	
WH_train_9670	1	43	true	
WH_train_9698	1	7	true	
WH_train_9703	1	24	true	
WH_train_9708	1	102	true	
WH_train_9729	1	34	true	
WH_train_9734	1	97	true	
WH_train_9735	1	102	true	
WH_train_9757	1	23	true	
WH_train_9785	1	88	true	
WH_train_9788	1	87	true	
WH_train_9801	1	102	true	
WH_train_9805	1	22	true	
WH_train_9835	1	24	true	
WH_train_9838	1	104	true	
WH_train_9843	1	106	true	
WH_train_9847	1	101	true	
WH_train_9852	1	92	true	
WH_train_9855	1	29	true	
WH_train_9869	1	48	true	
WH_train_9922	1	10	true	
WH_train_9925	1	100	true	
WH_train_9929	1	101	true	
WH_train_9947	1	72	true	
WH_train_9957	1	20	true	
WH_train_9959	1	91	true	
WH_train_9971	1	105	true	
WH_train_9972	10	102	false	
WH_train_9996	1	103	true	
WH_train_10000	1	75	true	
WH_train_10020	1	102	true	
WH_train_10031	1	47	true	
WH_train_10050	1	104	true	
WH_train_10051	1	27	true	
WH_train_10056	1	26	true	
WH_train_10075	1	101	true	
WH_train_10084	1	39	true	
WH_train_10085	1	40	true	
WH_train_10088	1	18	true	
WH_train_10106	1	30	true	
WH_train_10107	1	13	true	
WH_train_10126	1	101	true	
WH_train_10140	1	4	true	
WH_train_10173	1	101	true	
WH_train_10181	1	12	true	
WH_train_10188	1	100	true	
WH_train_10190	1	102	true	
WH_train_10191	1	50	true	
WH_train_10195	1	30	true	
WH_train_10199	1	101	true	
WH_train_10216	1	16	true	
WH_train_10221	1	7	true	
WH_train_10230	1	101	true	
WH_train_10238	1	17	true	
WH_train_10255	1	98	true	
WH_train_10269	1	105	true	
WH_train_10278	1	15	true	
WH_train_10289	1	55	true	
WH_train_10295	1	105	true	
WH_train_10314	1	24	true	
WH_train_10317	1	102	true	
WH_train_10322	1	47	true	
WH_train_10358	10	105	false	
WH_train_10362	1	11	true	
WH_train_10393	1	62	true	
WH_train_10399	1	15	true	
WH_train_10406	1	101	true	
WH_train_10414	1	101	true	
WH_train_10444	1	11	true	
WH_train_10448	1	100	true	
WH_train_10468	1	64	true	
WH_train_10471	1	77	true	
WH_train_10489	1	102	true	
WH_train_10492	1	103	true	
WH_train_10533	1	103	true	
WH_train_10536	1	104	true	
WH_train_10543	1	12	true	
WH_train_10544	1	73	true	
WH_train_10549	10	58	false	
WH_train_10561	1	22	true	
WH_train_10583	1	45	true	
WH_train_10584	1	101	true	
WH_train_10587	1	10	true	
WH_train_10588	1	103	true	
WH_train_10602	1	88	true	
WH_train_10612	1	100	true	
WH_train_10614	1	101	true	
WH_train_10625	1	100	true	
WH_train_10627	1	82	true	
WH_train_10629	1	106	true	
WH_train_10630	1	103	true	
WH_train_10638	1	49	true	
WH_train_10650	1	49	true	
WH_train_10656	1	51	true	
WH_train_10659	1	106	true	
WH_train_10665	1	92	true	
WH_train_10678	1	36	true	
WH_train_10694	1	102	true	
WH_train_10718	1	30	true	
WH_train_10719	1	64	true	
WH_train_10724	1	10	true	
WH_train_10728	1	103	true	
WH_train_10733	1	76	true	
WH_train_10736	1	96	true	
WH_train_10740	1	6	true	
WH_train_10764	1	48	true	
WH_train_10772	1	103	true	
WH_train_10779	1	12	true	
WH_train_10780	1	87	true	
WH_train_10786	1	9	true	
WH_train_10801	1	100	true	
WH_train_10815	1	76	true	
WH_train_10834	1	48	true	
WH_train_10837	1	80	true	
WH_train_10850	1	100	true	
WH_train_10902	1	76	true	
WH_train_10906	1	39	true	
WH_train_10912	1	103	true	
WH_train_10921	1	8	true	
WH_train_10924	1	102	true	
WH_train_10932	1	35	true	
WH_train_10941	1	66	true	
WH_train_10945	1	67	true	
WH_train_10948	1	26	true	
WH_train_10958	1	102	true	
WH_train_10964	1	102	true	
WH_train_10965	1	5	true	
WH_train_10972	1	80	true	
WH_train_10988	1	5	true	
WH_train_10994	1	75	true	
WH_train_10997	1	71	true	
WH_train_11028	1	42	true	
WH_train_11035	1	102	true	
WH_train_11049	1	93	true	
WH_train_11058	1	16	true	
WH_train_11071	1	4	true	
WH_train_11082	1	62	true	
WH_train_11086	1	45	true	
WH_train_11088	1	97	true	
WH_train_11090	1	102	true	
WH_train_11093	1	97	true	
WH_train_11094	1	49	true	
WH_train_11102	1	100	true	
WH_train_11126	1	101	true	
WH_train_11139	1	100	true	
WH_train_11140	1	101	true	
WH_train_11144	1	98	true	
WH_train_11151	1	33	true	
WH_train_11163	1	101	true	
WH_train_11175	1	100	true	
WH_train_11176	1	38	true	
WH_train_11192	1	41	true	
WH_train_11202	1	101	true	
WH_train_11205	1	101	true	
WH_train_11206	1	94	true	
WH_train_11209	1	91	true	
WH_train_11211	1	100	true	
WH_train_11215	1	102	true	
WH_train_11234	1	100	true	
WH_train_11245	1	9	true	
WH_train_11248	1	103	true	
WH_train_11290	1	99	true	
WH_train_11309	1	62	true	
WH_train_11319	1	11	true	
WH_train_11332	1	102	true	
WH_train_11338	1	23	true	
WH_train_11346	1	24	true	
WH_train_11350	1	102	true	
WH_train_11353	1	102	true	
WH_train_11359	1	101	true	
WH_train_11364	1	98	true	
WH_train_11370	1	79	true	
WH_train_11381	1	108	true	
WH_train_11396	1	62	true	
WH_train_11404	1	72	true	
WH_train_11416	1	102	true	
WH_train_11419	1	101	true	
WH_train_11439	1	3	true	
WH_train_11466	1	37	true	
WH_train_11474	1	69	true	
WH_train_11476	1	45	true	
WH_train_11500	1	90	true	
WH_train_11505	1	104	true	
WH_train_11520	1	101	true	
WH_train_11523	1	88	true	
WH_train_11525	1	15	true	
WH_train_11531	1	2	true	
WH_train_11547	1	89	true	
WH_train_11548	1	9	true	
WH_train_11559	1	105	true	
WH_train_11575	1	22	true	
WH_train_11576	1	102	true	
WH_train_11596	10	102	false	
WH_train_11611	1	18	true	
WH_train_11612	1	3	true	
WH_train_11616	1	4	true	
WH_train_11620	1	101	true	
WH_train_11622	1	98	true	
WH_train_11646	1	101	true	
WH_train_11649	1	36	true	
WH_train_11654	1	20	true	
WH_train_11658	1	102	true	
WH_train_11683	1	100	true	
WH_train_11724	1	15	true	
WH_train_11730	1	103	true	
WH_train_11742	1	101	true	
WH_train_11748	1	103	true	
WH_train_11751	1	100	true	
WH_train_11752	1	11	true	
WH_train_11765	1	100	true	
WH_train_11766	1	39	true	
WH_train_11783	1	41	true	
WH_train_11803	1	59	true	
WH_train_11810	1	25	true	
WH_train_11816	1	99	true	
WH_train_11817	1	80	true	
WH_train_11838	1	102	true	
WH_train_11844	1	101	true	
WH_train_11855	1	101	true	
WH_train_11866	1	101	true	
WH_train_11872	1	95	true	
WH_train_11881	1	101	true	
WH_train_11891	1	101	true	
WH_train_11896	1	86	true	
WH_train_11916	1	101	true	
WH_train_11922	1	16	true	
WH_train_11938	1	14	true	
WH_train_11946	1	100	true	
WH_train_11948	1	88	true	
WH_train_11953	1	101	true	
WH_train_11968	1	101	true	
WH_train_11973	1	100	true	
WH_train_11992	1	42	true	
WH_train_11996	1	12	true	
WH_train_12003	1	102	true	
WH_train_12005	1	9	true	
WH_train_12009	1	16	true	
WH_train_12022	1	99	true	
WH_train_12034	1	101	true	
WH_train_12041	1	31	true	
WH_train_12044	1	101	true	
WH_train_12049	1	103	true	
WH_train_12058	1	107	true	
WH_train_12068	1	101	true	
WH_train_12070	10	107	false	
WH_train_12071	1	98	true	
WH_train_12074	1	102	true	
WH_train_12085	1	36	true	
WH_train_12089	1	11	true	
WH_train_12092	1	21	true	
WH_train_12103	1	103	true	
WH_train_12111	1	44	true	
WH_train_12122	1	64	true	
WH_train_12168	1	101	true	
WH_train_12192	1	61	true	
WH_train_12219	1	105	true	
WH_train_12224	1	113	true	
WH_train_12283	1	101	true	
WH_train_12291	1	92	true	
WH_train_12298	10	103	false	
WH_train_12315	1	18	true	
WH_train_12318	1	100	true	
WH_train_12320	1	87	true	
WH_train_12323	1	38	true	
WH_train_12326	1	102	true	
WH_train_12339	1	67	true	
WH_train_12341	1	101	true	
WH_train_12348	1	54	true	
WH_train_12352	1	57	true	
WH_train_12358	1	100	true	
WH_train_12381	1	100	true	
WH_train_12389	10	52	false	
WH_train_12409	1	63	true	
WH_train_12415	1	33	true	
WH_train_12418	1	40	true	
WH_train_12427	1	101	true	
WH_train_12429	1	101	true	
WH_train_12434	1	12	true	
WH_train_12447	1	29	true	
WH_train_12454	1	102	true	
WH_train_12463	1	102	true	
WH_train_12469	1	51	true	
WH_train_12474	1	103	true	
WH_train_12494	1	103	true	
WH_train_12503	1	13	true	
WH_train_12504	1	102	true	
WH_train_12516	1	101	true	
WH_train_12532	1	3	true	
WH_train_12534	1	103	true	
WH_train_12545	1	100	true	
WH_train_12548	1	31	true	
WH_train_12556	1	18	true	
WH_train_12565	1	87	true	
WH_train_12570	1	14	true	
WH_train_12574	1	3	true	
WH_train_12578	1	61	true	
WH_train_12580	1	106	true	
WH_train_12594	1	93	true	
WH_train_12599	1	24	true	
WH_train_12604	1	2	true	
WH_train_12608	10	82	false	
WH_train_12614	1	101	true	
WH_train_12619	1	106	true	
WH_train_12638	1	68	true	
WH_train_12671	1	37	true	
WH_train_12675	1	90	true	
WH_train_12679	1	4	true	
WH_train_12688	1	54	true	
WH_train_12689	1	60	true	
WH_train_12695	1	100	true	
WH_train_12699	1	85	true	
WH_train_12705	1	11	true	
WH_train_12719	1	68	true	
WH_train_12756	1	102	true	
WH_train_12761	1	60	true	
WH_train_12765	1	102	true	
WH_train_12766	1	38	true	
WH_train_12784	1	83	true	
WH_train_12839	1	102	true	
WH_train_12841	1	42	true	
WH_train_12843	1	101	true	
WH_train_12849	1	102	true	
WH_train_12860	1	8	true	
WH_train_12864	1	100	true	
WH_train_12869	1	24	true	
WH_train_12870	1	101	true	
WH_train_12876	1	101	true	
WH_train_12880	1	7	true	
WH_train_12914	1	25	true	
WH_train_12917	1	100	true	
WH_train_12932	1	100	true	
WH_train_12935	1	102	true	
WH_train_12947	1	52	true	
WH_train_12952	1	99	true	
WH_train_12960	1	102	true	
WH_train_12963	1	103	true	
WH_train_12967	1	3	true	
WH_train_12986	1	91	true	
WH_train_12987	1	22	true	
WH_train_12991	1	100	true	
WH_train_13003	1	14	true	
WH_train_13011	1	103	true	
WH_train_13033	1	99	true	
WH_train_13054	1	3	true	
WH_train_13089	1	106	true	
WH_train_13096	1	103	true	
WH_train_13098	10	103	false	
WH_train_13102	1	109	true	
WH_train_13110	1	10	true	
WH_train_13113	1	92	true	
WH_train_13116	1	12	true	
WH_train_13134	1	106	true	
WH_train_13172	1	96	true	
WH_train_13177	1	14	true	
WH_train_13190	1	11	true	
WH_train_13197	1	100	true	
WH_train_13205	1	101	true	
WH_train_13213	1	99	true	
WH_train_13229	1	69	true	
WH_train_13231	1	4	true	
WH_train_13243	1	100	true	
WH_train_13254	1	105	true	
WH_train_13264	1	8	true	
WH_train_13284	1	40	true	
WH_train_13304	1	8	true	
WH_train_13311	1	102	true	
WH_train_13314	1	101	true	
WH_train_13318	1	103	true	
WH_train_13333	1	88	true	
WH_train_13334	1	77	true	
WH_train_13339	1	103	true	
WH_train_13341	1	103	true	
WH_train_13351	1	86	true	
WH_train_13357	1	38	true	
WH_train_13364	1	15	true	
WH_train_13397	1	16	true	
WH_train_13425	1	101	true	
WH_train_13436	1	34	true	
WH_train_13448	1	102	true	
WH_train_13453	1	2	true	
WH_train_13456	1	73	true	
WH_train_13458	1	103	true	
WH_train_13465	1	104	true	
WH_train_13466	1	105	true	
WH_train_13486	1	63	true	
WH_train_13489	1	104	true	
WH_train_13509	1	23	true	
WH_train_13511	1	105	true	
WH_train_13526	1	4	true	
WH_train_13531	1	90	true	
WH_train_13539	1	34	true	
WH_train_13560	1	101	true	
WH_train_13567	1	94	true	
WH_train_13583	1	21	true	
WH_train_13586	1	100	true	
WH_train_13590	1	103	true	
WH_train_13596	1	20	true	
WH_train_13597	1	102	true	
WH_train_13601	1	102	true	
WH_train_13607	1	101	true	
WH_train_13610	1	10	true	
WH_train_13630	1	42	true	
WH_train_13671	1	40	true	
WH_train_13689	1	26	true	
WH_train_13694	1	101	true	
WH_train_13695	1	35	true	
WH_train_13701	1	39	true	
WH_train_13712	1	110	true	
WH_train_13728	1	102	true	
WH_train_13735	1	78	true	
WH_train_13748	1	104	true	
WH_train_13762	1	109	true	
WH_train_13764	1	62	true	
WH_train_13767	1	101	true	
WH_train_13769	1	101	true	
WH_train_13786	1	105	true	
WH_train_13791	1	103	true	
WH_train_13792	1	84	true	
WH_train_13804	1	76	true	
WH_train_13805	1	102	true	
WH_train_13816	1	75	true	
WH_train_13823	1	100	true	
WH_train_13842	1	101	true	
WH_train_13843	1	15	true	
WH_train_13861	1	102	true	
WH_train_13868	1	102	true	
WH_train_13895	1	102	true	
WH_train_13897	1	103	true	
WH_train_13909	1	104	true	
WH_train_13912	1	103	true	
WH_train_13913	1	95	true	
WH_train_13932	1	101	true	
WH_train_13949	1	100	true	
WH_train_13951	1	7	true	
WH_train_13955	1	81	true	
WH_train_13961	1	104	true	
WH_train_13968	10	57	false	
WH_train_13973	1	29	true	
WH_train_13983	1	104	true	
WH_train_14009	1	100	true	
WH_train_14013	1	34	true	
WH_train_14025	1	102	true	
WH_train_14027	1	100	true	
WH_train_14033	1	3	true	
WH_train_14050	1	102	true	
WH_train_14063	1	102	true	
WH_train_14078	1	82	true	
WH_train_14081	1	40	true	
WH_train_14082	1	13	true	
WH_train_14089	1	102	true	
WH_train_14094	1	25	true	
WH_train_14100	1	101	true	
WH_train_14104	1	57	true	
WH_train_14120	1	99	true	
WH_train_14134	1	18	true	
WH_train_14141	1	12	true	
WH_train_14146	1	102	true	
WH_train_14148	1	104	true	
WH_train_14154	1	104	true	
WH_train_14156	1	107	true	
WH_train_14157	1	76	true	
WH_train_14180	1	101	true	
WH_train_14184	1	72	true	
WH_train_14189	1	103	true	
WH_train_14211	1	19	true	
WH_train_14212	1	99	true	
WH_train_14216	1	95	true	
WH_train_14266	1	16	true	
WH_train_14267	1	106	true	
WH_train_14268	1	100	true	
WH_train_14270	1	103	true	
WH_train_14271	1	51	true	
WH_train_14274	1	102	true	
WH_train_14280	1	101	true	
WH_train_14342	1	36	true	
WH_train_14346	1	102	true	
WH_train_14363	1	102	true	
WH_train_14383	1	7	true	
WH_train_14384	1	3	true	
WH_train_14388	1	100	true	
WH_train_14392	1	100	true	
WH_train_14394	10	105	false	
WH_train_14396	1	101	true	
WH_train_14401	1	16	true	
WH_train_14402	1	103	true	
WH_train_14404	1	72	true	
WH_train_14421	1	102	true	
WH_train_14461	1	102	true	
WH_train_14467	1	7	true	
WH_train_14501	10	102	false	
WH_train_14506	1	101	true	
WH_train_14507	1	102	true	
WH_train_14513	1	102	true	
WH_train_14514	1	103	true	
WH_train_14515	1	70	true	
WH_train_14533	1	101	true	
WH_train_14542	1	92	true	
WH_train_14544	1	102	true	
WH_train_14565	1	13	true	
WH_train_14569	1	100	true	
WH_train_14588	1	106	true	
WH_train_14598	1	74	true	
WH_train_14604	1	18	true	
WH_train_14624	1	69	true	
WH_train_14632	10	112	false	
WH_train_14636	1	76	true	
WH_train_14637	1	102	true	
WH_train_14645	1	95	true	
WH_train_14652	1	102	true	
WH_train_14654	1	82	true	
WH_train_14656	1	37	true	
WH_train_14679	1	14	true	
WH_train_14685	1	101	true	
WH_train_14706	1	102	true	
WH_train_14713	1	18	true	
WH_train_14724	1	107	true	
WH_train_14726	1	5	true	
WH_train_14733	1	97	true	
WH_train_14739	1	82	true	
WH_train_14744	1	100	true	
WH_train_14753	1	101	true	
WH_train_14767	1	101	true	
WH_train_14780	1	104	true	
WH_train_14802	1	101	true	
WH_train_14812	1	55	true	
WH_train_14824	1	23	true	
WH_train_14848	1	39	true	
WH_train_14860	1	102	true	
WH_train_14884	1	104	true	
WH_train_14897	1	100	true	
WH_train_14898	1	101	true	
WH_train_14913	1	103	true	
WH_train_14921	1	66	true	
WH_train_14928	1	101	true	
WH_train_14936	1	104	true	
WH_train_14943	1	100	true	
WH_train_14947	1	101	true	
WH_train_14950	1	8	true	
WH_train_14956	1	4	true	
WH_train_14959	1	106	true	
WH_train_14963	1	66	true	
WH_train_14976	1	97	true	
WH_train_14980	1	66	true	
WH_train_14999	1	6	true	
WH_train_15000	1	8	true	
WH_train_15015	1	14	true	
WH_train_15019	1	100	true	
WH_train_15044	1	101	true	
WH_train_15045	10	75	false	
WH_train_15066	1	101	true	
WH_train_15069	1	101	true	
WH_train_15074	1	9	true	
WH_train_15085	1	101	true	
WH_train_15087	1	104	true	
WH_train_15097	1	35	true	
WH_train_15102	1	102	true	
WH_train_15110	1	101	true	
WH_train_15123	1	2	true	
WH_train_15138	1	29	true	
WH_train_15158	1	78	true	
WH_train_15171	1	43	true	
WH_train_15202	1	101	true	
WH_train_15210	1	101	true	
WH_train_15212	1	33	true	
WH_train_15226	1	101	true	
WH_train_15228	1	102	true	
WH_train_15231	1	43	true	
WH_train_15238	1	43	true	
WH_train_15242	1	100	true	
WH_train_15255	1	14	true	
WH_train_15282	1	4	true	
WH_train_15283	1	33	true	
WH_train_15290	1	98	true	
WH_train_15301	1	4	true	
WH_train_15319	1	42	true	
WH_train_15326	1	102	true	
WH_train_15328	1	101	true	
WH_train_15332	1	5	true	
WH_train_15346	1	98	true	
WH_train_15347	1	18	true	
WH_train_15375	1	88	true	
WH_train_15382	1	75	true	
WH_train_15388	1	100	true	
WH_train_15412	1	98	true	
WH_train_15441	1	102	true	
WH_train_15442	10	101	false	
WH_train_15443	1	101	true	
WH_train_15451	1	99	true	
WH_train_15461	1	104	true	
WH_train_15464	1	32	true	
WH_train_15489	1	101	true	
WH_train_15499	1	13	true	
WH_train_15504	1	101	true	
WH_train_15513	1	71	true	
WH_train_15532	1	100	true	
WH_train_15541	1	22	true	
WH_train_15553	1	65	true	
WH_train_15567	1	100	true	
WH_train_15569	1	39	true	
WH_train_15573	1	100	true	
WH_train_15585	1	7	true	
WH_train_15591	1	102	true	
WH_train_15595	1	7	true	
WH_train_15604	1	54	true	
WH_train_15608	1	42	true	
WH_train_15609	1	7	true	
WH_train_15613	10	100	false	
WH_train_15615	1	104	true	
WH_train_15633	1	101	true	
WH_train_15638	1	4	true	
WH_train_15650	1	61	true	
WH_train_15661	1	101	true	
WH_train_15662	1	46	true	
WH_train_15677	1	29	true	
WH_train_15686	1	99	true	
WH_train_15693	1	67	true	
WH_train_15709	1	98	true	
WH_train_15720	1	19	true	
WH_train_15725	1	101	true	
WH_train_15760	1	2	true	
WH_train_15767	1	64	true	
WH_train_15768	1	101	true	
WH_train_15777	1	4	true	
WH_train_15826	1	6	true	
WH_train_15834	1	57	true	
WH_train_15840	1	108	true	
WH_train_15846	1	102	true	
WH_train_15865	1	15	true	
WH_train_15868	1	100	true	
WH_train_15883	1	7	true	
WH_train_15887	1	18	true	
WH_train_15889	1	87	true	
WH_train_15897	1	102	true	
WH_train_15908	1	81	true	
WH_train_15924	1	18	true	
WH_train_15926	1	101	true	
WH_train_15935	1	101	true	
WH_train_15938	1	16	true	
WH_train_15956	1	101	true	
WH_train_15982	1	102	true	
WH_train_15991	1	99	true	
WH_train_15994	1	38	true	
WH_train_16001	1	7	true	
WH_train_16029	1	99	true	
WH_train_16030	1	14	true	
WH_train_16037	1	28	true	
WH_train_16041	1	40	true	
WH_train_16051	1	92	true	
WH_train_16057	1	16	true	
WH_train_16062	1	100	true	
WH_train_16074	1	107	true	
WH_train_16079	1	8	true	
WH_train_16084	1	15	true	
WH_train_16085	1	101	true	
WH_train_16101	1	87	true	
WH_train_16116	1	68	true	
WH_train_16117	1	15	true	
WH_train_16124	1	101	true	
WH_train_16125	1	102	true	
WH_train_16132	1	4	true	
WH_train_16134	1	41	true	
WH_train_16143	1	37	true	
WH_train_16146	1	104	true	
WH_train_16160	1	26	true	
WH_train_16164	1	107	true	
WH_train_16166	1	11	true	
WH_train_16175	1	103	true	
WH_train_16178	1	101	true	
WH_train_16184	1	21	true	
WH_train_16185	1	14	true	
WH_train_16186	1	102	true	
WH_train_16199	1	41	true	
WH_train_16202	1	101	true	
WH_train_16225	1	100	true	
WH_train_16233	1	31	true	
WH_train_16247	1	99	true	
WH_train_16263	1	100	true	
WH_train_16264	1	103	true	
WH_train_16273	1	101	true	
WH_train_16278	1	104	true	
WH_train_16303	1	106	true	
WH_train_16308	1	79	true	
WH_train_16310	1	88	true	
WH_train_16321	1	100	true	
WH_train_16335	1	101	true	
WH_train_16372	1	104	true	
WH_train_16373	1	101	true	
WH_train_16389	1	102	true	
WH_train_16414	1	103	true	
WH_train_16416	10	101	false	
WH_train_16427	1	103	true	
WH_train_16444	1	100	true	
WH_train_16462	1	101	true	
WH_train_16469	1	104	true	
WH_train_16474	1	45	true	
WH_train_16481	1	72	true	
WH_train_16508	1	25	true	
WH_train_16524	1	105	true	
WH_train_16529	1	102	true	
WH_train_16589	1	5	true	
WH_train_16596	1	105	true	
WH_train_16599	1	69	true	
WH_train_16619	1	21	true	
WH_train_16649	1	94	true	
WH_train_16654	1	41	true	
WH_train_16658	1	68	true	
WH_train_16679	1	102	true	
WH_train_16689	1	94	true	
WH_train_16692	1	42	true	
WH_train_16699	1	102	true	
WH_train_16723	1	12	true	
WH_train_16724	1	104	true	
WH_train_16733	1	104	true	
WH_train_16746	1	9	true	
WH_train_16759	1	105	true	
WH_train_16762	1	22	true	
WH_train_16769	1	17	true	
WH_train_16775	1	6	true	
WH_train_16784	1	100	true	
WH_train_16794	1	101	true	
WH_train_16797	1	34	true	
WH_train_16802	1	46	true	
WH_train_16813	1	29	true	
WH_train_16829	1	22	true	
WH_train_16836	1	52	true	
WH_train_16840	1	101	true	
WH_train_16841	1	105	true	
WH_train_16855	10	110	false	
WH_train_16872	1	100	true	
WH_train_16875	1	100	true	
WH_train_16880	1	14	true	
WH_train_16893	1	93	true	
WH_train_16903	1	105	true	
WH_train_16918	1	100	true	
WH_train_16929	1	85	true	
WH_train_16930	1	73	true	
WH_train_16942	1	101	true	
WH_train_16943	1	6	true	
WH_train_16954	1	101	true	
WH_train_17014	1	98	true	
WH_train_17017	1	7	true	
WH_train_17019	1	59	true	
WH_train_17044	1	100	true	
WH_train_17065	1	102	true	
WH_train_17066	1	29	true	
WH_train_17107	1	103	true	
WH_train_17142	1	102	true	
WH_train_17152	1	104	true	
WH_train_17163	1	99	true	
WH_train_17166	1	101	true	
WH_train_17167	1	54	true	
WH_train_17175	1	73	true	
WH_train_17186	1	73	true	
WH_train_17197	1	39	true	
WH_train_17201	1	4	true	
WH_train_17207	1	63	true	
WH_train_17214	1	30	true	
WH_train_17224	1	43	true	
WH_train_17237	1	4	true	
WH_train_17247	1	94	true	
WH_train_17277	1	100	true	
WH_train_17297	1	16	true	
WH_train_17317	1	3	true	
WH_train_17318	1	50	true	
WH_train_17322	1	102	true	
WH_train_17339	1	102	true	
WH_train_17379	1	102	true	
WH_train_17380	1	20	true	
WH_train_17393	1	19	true	
WH_train_17400	1	3	true	
WH_train_17417	1	106	true	
WH_train_17418	1	101	true	
WH_train_17430	1	20	true	
WH_train_17436	1	32	true	
WH_train_17461	1	84	true	
WH_train_17464	1	68	true	
WH_train_17468	1	5	true	
WH_train_17469	1	21	true	
WH_train_17470	1	56	true	
WH_train_17473	1	19	true	
WH_train_17482	1	101	true	
WH_train_17505	1	100	true	
WH_train_17524	1	61	true	
WH_train_17535	1	10	true	
WH_train_17538	1	10	true	
WH_train_17548	1	104	true	
WH_train_17573	1	107	true	
WH_train_17583	1	104	true	
WH_train_17584	1	102	true	
WH_train_17587	1	20	true	
WH_train_17600	1	101	true	
WH_train_17601	1	97	true	
WH_train_17607	1	64	true	
WH_train_17611	1	15	true	
WH_train_17613	1	52	true	
WH_train_17622	3	12	true	
WH_train_17631	10	104	false	
WH_train_17632	1	95	true	
WH_train_17676	1	92	true	
WH_train_17677	1	66	true	
WH_train_17683	1	42	true	
WH_train_17689	1	106	true	
WH_train_17690	10	104	false	
WH_train_17700	1	36	true	
WH_train_17704	1	20	true	
WH_train_17719	1	101	true	
WH_train_17725	1	103	true	
WH_train_17727	1	101	true	
WH_train_17733	1	21	true	
WH_train_17736	1	39	true	
WH_train_17742	10	101	false	
WH_train_17745	1	102	true	
WH_train_17762	1	10	true	
WH_train_17765	1	39	true	
WH_train_17771	1	3	true	
WH_train_17788	1	101	true	
WH_train_17802	1	75	true	
WH_train_17808	1	38	true	
WH_train_17811	1	43	true	
WH_train_17817	1	101	true	
WH_train_17823	1	3	true	
WH_train_17828	1	95	true	
WH_train_17829	1	97	true	
WH_train_17834	1	101	true	
WH_train_17836	1	102	true	
WH_train_17851	1	80	true	
WH_train_17855	1	101	true	
WH_train_17863	1	100	true	
WH_train_17868	1	87	true	
WH_train_17880	1	33	true	
WH_train_17881	1	88	true	
WH_train_17895	1	59	true	
WH_train_17917	1	101	true	
WH_train_17920	1	22	true	
WH_train_17923	1	83	true	
WH_train_17941	1	11	true	
WH_train_17959	1	71	true	
WH_train_17964	1	69	true	
WH_train_17989	1	98	true	
WH_train_17991	1	101	true	
WH_train_18017	1	96	true	
WH_train_18021	10	79	false	
WH_train_18026	1	103	true	
WH_train_18027	1	13	true	
WH_train_18073	1	102	true	
WH_train_18084	1	7	true	
WH_train_18112	1	102	true	
WH_train_18125	1	37	true	
WH_train_18130	2	42	true	
WH_train_18147	1	41	true	
WH_train_18150	1	100	true	
WH_train_18160	1	103	true	
WH_train_18174	1	101	true	
WH_train_18189	1	32	true	
WH_train_18191	1	4	true	
WH_train_18195	1	6	true	
WH_train_18196	1	80	true	
WH_train_18214	1	100	true	
WH_train_18218	1	79	true	
WH_train_18226	1	101	true	
WH_train_18268	1	103	true	
WH_train_18273	1	101	true	
WH_train_18274	1	103	true	
WH_train_18282	1	109	true	
WH_train_18283	1	7	true	
WH_train_18285	1	101	true	
WH_train_18294	1	36	true	
WH_train_18297	1	93	true	
WH_train_18304	1	7	true	
WH_train_18322	1	106	true	
WH_train_18325	1	57	true	
WH_train_18338	1	5	true	
WH_train_18350	1	39	true	
WH_train_18380	1	39	true	
WH_train_18388	1	101	true	
WH_train_18399	1	105	true	
WH_train_18402	1	90	true	
WH_train_18405	1	101	true	
WH_train_18408	1	15	true	
WH_train_18411	1	102	true	
WH_train_18417	10	105	false	
WH_train_18424	1	79	true	
WH_train_18440	1	34	true	
WH_train_18446	1	100	true	
WH_train_18451	1	55	true	
WH_train_18455	1	97	true	
WH_train_18458	1	47	true	
WH_train_18461	1	101	true	
WH_train_18462	1	103	true	
WH_train_18466	1	103	true	
WH_train_18468	1	56	true	
WH_train_18471	1	86	true	
WH_train_18496	1	4	true	
WH_train_18522	1	7	true	
WH_train_18524	1	26	true	
WH_train_18526	1	102	true	
WH_train_18528	1	87	true	
WH_train_18536	1	101	true	
WH_train_18541	1	100	true	
WH_train_18545	1	100	true	
WH_train_18551	1	103	true	
WH_train_18552	1	43	true	
WH_train_18554	1	90	true	
WH_train_18559	1	101	true	
WH_train_18571	1	102	true	
WH_train_18572	1	31	true	
WH_train_18576	1	39	true	
WH_train_18586	1	101	true	
WH_train_18593	1	33	true	
WH_train_18597	1	75	true	
WH_train_18603	1	37	true	
WH_train_18607	1	101	true	
WH_train_18609	1	103	true	
WH_train_18623	1	101	true	
WH_train_18629	1	42	true	
WH_train_18631	1	101	true	
WH_train_18632	1	102	true	
WH_train_18639	1	37	true	
WH_train_18645	1	87	true	
WH_train_18647	1	101	true	
WH_train_18651	1	91	true	
WH_train_18659	1	103	true	
WH_train_18674	1	33	true	
WH_train_18685	1	100	true	
WH_train_18687	1	60	true	
WH_train_18715	1	20	true	
WH_train_18731	1	101	true	
WH_train_18734	1	100	true	
WH_train_18741	1	64	true	
WH_train_18744	1	105	true	
WH_train_18746	1	99	true	
WH_train_18779	1	100	true	
WH_train_18786	1	104	true	
WH_train_18817	1	101	true	
WH_train_18843	1	84	true	
WH_train_18861	1	6	true	
WH_train_18867	1	57	true	
WH_train_18872	1	101	true	
WH_train_18874	1	103	true	
WH_train_18880	10	70	false	
WH_train_18903	1	73	true	
WH_train_18906	1	100	true	
WH_train_18910	1	52	true	
WH_train_18925	1	67	true	
WH_train_18932	1	21	true	
WH_train_18936	1	98	true	
WH_train_18939	1	105	true	
WH_train_18978	1	100	true	
WH_train_18979	1	107	true	
WH_train_18980	1	96	true	
WH_train_18981	1	101	true	
WH_train_18985	1	106	true	
WH_train_19037	1	101	true	
WH_train_19038	1	3	true	
WH_train_19054	1	20	true	
WH_train_19057	1	94	true	
WH_train_19059	1	61	true	
WH_train_19064	1	16	true	
WH_train_19072	1	95	true	
WH_train_19078	1	101	true	
WH_train_19085	10	102	false	
WH_train_19093	1	14	true	
WH_train_19097	1	39	true	
WH_train_19099	1	57	true	
WH_train_19101	1	103	true	
WH_train_19103	1	94	true	
WH_train_19118	1	103	true	
WH_train_19119	10	105	false	
WH_train_19124	1	103	true	
WH_train_19129	1	104	true	
WH_train_19131	1	25	true	
WH_train_19132	1	91	true	
WH_train_19140	1	34	true	
WH_train_19142	1	102	true	
WH_train_19143	1	61	true	
WH_train_19153	1	7	true	
WH_train_19160	1	84	true	
WH_train_19180	1	101	true	
WH_train_19194	1	100	true	
WH_train_19199	1	107	true	
WH_train_19207	1	104	true	
WH_train_19212	10	102	false	
WH_train_19219	1	62	true	
WH_train_19240	1	101	true	
WH_train_19255	1	74	true	
WH_train_19275	1	15	true	
WH_train_19290	1	101	true	
WH_train_19306	1	104	true	
WH_train_19310	1	104	true	
WH_train_19314	1	57	true	
WH_train_19318	1	99	true	
WH_train_19326	1	4	true	
WH_train_19329	1	102	true	
WH_train_19335	1	7	true	
WH_train_19337	1	57	true	
WH_train_19339	1	33	true	
WH_train_19346	1	80	true	
WH_train_19376	1	101	true	
WH_train_19380	1	100	true	
WH_train_19393	1	100	true	
WH_train_19417	1	36	true	
WH_train_19420	1	60	true	
WH_train_19428	1	38	true	
WH_train_19432	1	102	true	
WH_train_19439	1	102	true	
WH_train_19462	1	100	true	
WH_train_19467	1	95	true	
WH_train_19472	1	8	true	
WH_train_19487	1	69	true	
WH_train_19501	1	102	true	
WH_train_19504	1	70	true	
WH_train_19510	1	100	true	
WH_train_19522	1	104	true	
WH_train_19526	1	100	true	
WH_train_19529	1	102	true	
WH_train_19535	1	11	true	
WH_train_19537	1	107	true	
WH_train_19540	1	76	true	
WH_train_19546	1	100	true	
WH_train_19547	1	17	true	
WH_train_19561	1	88	true	
WH_train_19565	1	85	true	
WH_train_19576	1	51	true	
WH_train_19587	1	101	true	
WH_train_19597	1	69	true	
WH_train_19611	1	68	true	
WH_train_19616	1	56	true	
WH_train_19621	1	7	true	
WH_train_19624	10	103	false	
WH_train_19625	1	86	true	
WH_train_19637	1	100	true	
WH_train_19644	1	11	true	
WH_train_19647	1	100	true	
WH_train_19654	1	25	true	
WH_train_19657	1	100	true	
WH_train_19661	1	100	true	
WH_train_19662	1	34	true	
WH_train_19672	1	35	true	
WH_train_19682	1	8	true	
WH_train_19686	1	102	true	
WH_train_19701	1	101	true	
WH_train_19702	1	101	true	
WH_train_19705	1	101	true	
WH_train_19738	1	101	true	
WH_train_19739	1	60	true	
WH_train_19745	1	27	true	
WH_train_19755	1	77	true	
WH_train_19763	1	103	true	
WH_train_19770	1	102	true	
WH_train_19797	1	103	true	
WH_train_19809	1	36	true	
WH_train_19818	1	4	true	
WH_train_19837	1	28	true	
WH_train_19838	1	11	true	
WH_train_19858	1	5	true	
WH_train_19880	1	14	true	
WH_train_19882	1	24	true	
WH_train_19883	1	101	true	
WH_train_19888	1	100	true	
WH_train_19900	1	34	true	
WH_train_19902	1	101	true	
WH_train_19904	1	71	true	
WH_train_19914	1	11	true	
WH_train_19937	1	2	true	
WH_train_19950	1	101	true	
WH_train_19978	1	33	true	
WH_train_19980	1	65	true	
WH_train_19989	1	100	true	
WH_train_19990	1	27	true	
WH_train_20000	1	22	true	
WH_train_20012	1	25	true	
WH_train_20043	1	98	true	
WH_train_20049	1	100	true	
WH_train_20067	1	45	true	
WH_train_20072	1	101	true	
WH_train_20074	1	94	true	
WH_train_20075	1	102	true	
WH_train_20078	1	102	true	
WH_train_20100	1	104	true	
WH_train_20106	1	45	true	
WH_train_20107	1	13	true	
WH_train_20108	1	13	true	
WH_train_20117	1	36	true	
WH_train_20122	1	100	true	
WH_train_20128	1	4	true	
WH_train_20139	1	98	true	
WH_train_20158	1	101	true	
WH_train_20162	1	14	true	
WH_train_20163	1	102	true	
WH_train_20166	1	43	true	
WH_train_20181	1	25	true	
WH_train_20185	1	101	true	
WH_train_20188	1	6	true	
WH_train_20202	1	55	true	
WH_train_20221	1	103	true	
WH_train_20234	1	100	true	
WH_train_20241	1	100	true	
WH_train_20250	10	40	false	
WH_train_20279	1	41	true	
WH_train_20283	1	104	true	
WH_train_20300	1	84	true	
WH_train_20319	1	80	true	
WH_train_20343	1	103	true	
WH_train_20346	1	53	true	
WH_train_20350	1	103	true	
WH_train_20363	1	41	true	
WH_train_20365	1	35	true	
WH_train_20383	1	104	true	
WH_train_20396	1	102	true	
WH_train_20397	1	98	true	
WH_train_20399	1	48	true	
WH_train_20431	1	69	true	
WH_train_20436	1	102	true	
WH_train_20459	1	3	true	
WH_train_20460	1	101	true	
WH_train_20464	1	56	true	
WH_train_20466	1	100	true	
WH_train_20469	1	52	true	
WH_train_20471	1	52	true	
WH_train_20476	1	2	true	
WH_train_20479	1	97	true	
WH_train_20480	1	100	true	
WH_train_20483	1	72	true	
WH_train_20485	1	101	true	
WH_train_20492	1	100	true	
WH_train_20510	1	91	true	
WH_train_20516	1	98	true	
WH_train_20526	1	101	true	
WH_train_20527	1	102	true	
WH_train_20550	1	101	true	
WH_train_20558	1	19	true	
WH_train_20562	1	75	true	
WH_train_20564	1	104	true	
WH_train_20573	1	84	true	
WH_train_20600	1	57	true	
WH_train_20601	1	101	true	
WH_train_20603	1	99	true	
WH_train_20606	1	72	true	
WH_train_20624	1	95	true	
WH_train_20628	1	5	true	
WH_train_20631	1	102	true	
WH_train_20638	1	74	true	
WH_train_20639	1	101	true	
WH_train_20646	1	20	true	
WH_train_20652	1	91	true	
WH_train_20656	1	42	true	
WH_train_20673	1	98	true	
WH_train_20679	1	13	true	
WH_train_20686	10	100	false	
WH_train_20687	1	79	true	
WH_train_20701	1	18	true	
WH_train_20702	1	5	true	
WH_train_20712	1	57	true	
WH_train_20727	1	101	true	
WH_train_20752	1	55	true	
WH_train_20762	1	87	true	
WH_train_20772	1	104	true	
WH_train_20774	1	62	true	
WH_train_20776	1	101	true	
WH_train_20786	1	100	true	
WH_train_20789	1	62	true	
WH_train_20799	1	10	true	
WH_train_20807	1	27	true	
WH_train_20809	1	54	true	
WH_train_20816	1	103	true	
WH_train_20819	1	101	true	
WH_train_20849	1	36	true	
WH_train_20850	1	28	true	
WH_train_20856	1	9	true	
WH_train_20861	1	64	true	
WH_train_20864	1	102	true	
WH_train_20865	1	104	true	
WH_train_20894	1	103	true	
WH_train_20897	1	105	true	
WH_train_20905	1	56	true	
WH_train_20909	1	55	true	
WH_train_20921	1	101	true	
WH_train_20938	1	22	true	
WH_train_20942	1	9	true	
WH_train_21000	1	91	true	
WH_train_21009	1	101	true	
WH_train_21018	1	11	true	
WH_train_21030	1	62	true	
WH_train_21031	1	101	true	
WH_train_21037	1	104	true	
WH_train_21039	1	76	true	
WH_train_21041	1	101	true	
WH_train_21045	1	89	true	
WH_train_21055	1	62	true	
WH_train_21060	1	51	true	
WH_train_21064	1	102	true	
WH_train_21077	1	100	true	
WH_train_21082	1	23	true	
WH_train_21090	1	101	true	
WH_train_21094	1	103	true	
WH_train_21095	10	103	false	
WH_train_21097	1	2	true	
WH_train_21098	1	63	true	
WH_train_21106	1	16	true	
WH_train_21112	10	105	false	
WH_train_21127	1	100	true	
WH_train_21128	1	76	true	
WH_train_21129	1	36	true	
WH_train_21146	1	85	true	
WH_train_21148	1	83	true	
WH_train_21153	1	104	true	
WH_train_21161	1	102	true	
WH_train_21163	1	105	true	
WH_train_21197	1	103	true	
WH_train_21198	1	102	true	
WH_train_21204	1	101	true	
WH_train_21211	1	101	true	
WH_train_21223	1	100	true	
WH_train_21234	1	96	true	
WH_train_21260	1	104	true	
WH_train_21287	1	101	true	
WH_train_21290	1	12	true	
WH_train_21322	1	12	true	
WH_train_21325	1	7	true	
WH_train_21345	1	68	true	
WH_train_21347	1	82	true	
WH_train_21390	1	14	true	
WH_train_21431	1	80	true	
WH_train_21441	1	82	true	
WH_train_21451	1	88	true	
WH_train_21452	1	101	true	
WH_train_21460	1	90	true	
WH_train_21465	1	104	true	
WH_train_21472	1	102	true	
WH_train_21486	1	57	true	
WH_train_21487	1	33	true	
WH_train_21495	1	59	true	
WH_train_21504	1	100	true	
WH_train_21506	1	103	true	
WH_train_21520	1	90	true	
WH_train_21523	10	102	false	
WH_train_21538	1	100	true	
WH_train_21546	1	52	true	
WH_train_21570	1	103	true	
WH_train_21581	1	12	true	
WH_train_21586	1	102	true	
WH_train_21588	1	5	true	
WH_train_21589	1	83	true	
WH_train_21599	1	20	true	
WH_train_21600	1	101	true	
WH_train_21606	1	100	true	
WH_train_21618	1	102	true	
WH_train_21626	1	9	true	
WH_train_21631	1	19	true	
WH_train_21641	1	41	true	
WH_train_21642	1	101	true	
WH_train_21659	1	102	true	
WH_train_21669	1	22	true	
WH_train_21689	1	93	true	
WH_train_21690	1	107	true	
WH_train_21708	1	100	true	
WH_train_21728	1	58	true	
WH_train_21731	1	7	true	
WH_train_21787	1	104	true	
WH_train_21792	1	30	true	
WH_train_21795	1	100	true	
WH_train_21816	1	96	true	
WH_train_21842	1	101	true	
WH_train_21848	1	103	true	
WH_train_21867	1	101	true	
WH_train_21876	1	100	true	
WH_train_21906	1	102	true	
WH_train_21920	1	6	true	
WH_train_21930	1	101	true	
WH_train_21948	1	99	true	
WH_train_21949	1	61	true	
WH_train_21957	1	102	true	
WH_train_21972	1	103	true	
WH_train_21981	1	57	true	
WH_train_21988	1	13	true	
WH_train_21997	1	29	true	
WH_train_22019	1	101	true	
WH_train_22032	1	19	true	
WH_train_22052	1	100	true	
WH_train_22070	1	63	true	
WH_train_22079	1	102	true	
WH_train_22103	1	48	true	
WH_train_22108	1	106	true	
WH_train_22125	1	4	true	
WH_train_22127	10	104	false	
WH_train_22133	1	102	true	
WH_train_22139	1	7	true	
WH_train_22140	1	94	true	
WH_train_22142	10	101	false	
WH_train_22152	1	102	true	
WH_train_22161	1	18	true	
WH_train_22183	1	60	true	
WH_train_22187	1	25	true	
WH_train_22214	1	3	true	
WH_train_22220	1	12	true	
WH_train_22224	1	25	true	
WH_train_22228	1	100	true	
WH_train_22233	1	3	true	
WH_train_22234	1	102	true	
WH_train_22257	1	19	true	
WH_train_22259	1	76	true	
WH_train_22261	1	6	true	
WH_train_22264	1	62	true	
WH_train_22275	1	101	true	
WH_train_22284	1	110	true	
WH_train_22287	1	101	true	
WH_train_22299	1	21	true	
WH_train_22319	1	105	true	
WH_train_22331	10	96	false	
WH_train_22363	10	69	false	
WH_train_22364	1	102	true	
WH_train_22373	2	12	true	
WH_train_22380	1	80	true	
WH_train_22395	1	56	true	
WH_train_22396	1	2	true	
WH_train_22398	10	102	false	
WH_train_22420	1	101	true	
WH_train_22442	1	30	true	
WH_train_22445	1	105	true	
WH_train_22448	1	100	true	
WH_train_22453	1	60	true	
WH_train_22462	1	99	true	
WH_train_22474	1	11	true	
WH_train_22475	1	7	true	
WH_train_22484	1	79	true	
WH_train_22496	1	21	true	
WH_train_22500	1	35	true	
WH_train_22505	1	52	true	
WH_train_22514	1	101	true	
WH_train_22519	1	16	true	
WH_train_22522	1	100	true	
WH_train_22535	1	100	true	
WH_train_22536	1	76	true	
WH_train_22542	1	100	true	
WH_train_22565	1	101	true	
WH_train_22568	1	101	true	
WH_train_22569	1	79	true	
WH_train_22593	1	102	true	
WH_train_22606	1	66	true	
WH_train_22632	1	60	true	
WH_train_22633	1	100	true	
WH_train_22635	1	100	true	
WH_train_22645	10	51	false	
WH_train_22650	1	61	true	
WH_train_22655	1	26	true	
WH_train_22667	1	21	true	
WH_train_22670	1	13	true	
WH_train_22703	1	31	true	
WH_train_22717	1	103	true	
WH_train_22726	1	38	true	
WH_train_22741	1	68	true	
WH_train_22752	1	95	true	
WH_train_22754	1	101	true	
WH_train_22755	1	101	true	
WH_train_22785	1	104	true	
WH_train_22791	1	104	true	
WH_train_22792	1	9	true	
WH_train_22811	1	40	true	
WH_train_22817	1	107	true	
WH_train_22838	1	6	true	
WH_train_22839	1	102	true	
WH_train_22848	1	101	true	
WH_train_22853	1	103	true	
WH_train_22858	1	103	true	
WH_train_22871	1	104	true	
WH_train_22873	1	99	true	
WH_train_22877	1	33	true	
WH_train_22878	1	3	true	
WH_train_22895	1	32	true	
WH_train_22910	1	75	true	
WH_train_22938	1	102	true	
WH_train_22945	1	102	true	
WH_train_22986	1	84	true	
WH_train_22990	1	14	true	
WH_train_22999	1	63	true	
WH_train_23007	1	94	true	
WH_train_23011	1	100	true	
WH_train_23012	1	38	true	
WH_train_23022	1	38	true	
WH_train_23038	1	101	true	
WH_train_23042	1	71	true	
WH_train_23045	1	101	true	
WH_train_23051	1	106	true	
WH_train_23053	1	105	true	
WH_train_23060	1	102	true	
WH_train_23061	1	49	true	
WH_train_23066	1	29	true	
WH_train_23077	1	49	true	
WH_train_23080	1	100	true	
WH_train_23085	1	45	true	
WH_train_23090	1	101	true	
WH_train_23141	1	98	true	
WH_train_23150	1	76	true	
WH_train_23172	1	102	true	
WH_train_23173	1	100	true	
WH_train_23179	1	6	true	
WH_train_23180	1	5	true	
WH_train_23183	1	54	true	
WH_train_23187	1	101	true	
WH_train_23196	1	41	true	
WH_train_23197	1	26	true	
WH_train_23198	1	105	true	
WH_train_23205	1	101	true	
WH_train_23207	1	11	true	
WH_train_23208	10	104	false	
WH_train_23212	1	102	true	
WH_train_23216	1	13	true	
WH_train_23224	1	103	true	
WH_train_23243	1	12	true	
WH_train_23250	1	11	true	
WH_train_23254	1	18	true	
WH_train_23260	1	100	true	
WH_train_23287	1	107	true	
WH_train_23288	1	101	true	
WH_train_23304	1	106	true	
WH_train_23307	1	56	true	
WH_train_23308	1	101	true	
WH_train_23310	1	81	true	
WH_train_23313	1	102	true	
WH_train_23326	1	6	true	
WH_train_23327	1	100	true	
WH_train_23332	1	105	true	
WH_train_23341	1	102	true	
WH_train_23344	1	18	true	
WH_train_23346	1	87	true	
WH_train_23356	1	103	true	
WH_train_23359	1	18	true	
WH_train_23360	1	101	true	
WH_train_23367	1	47	true	
WH_train_23378	1	90	true	
WH_train_23379	1	55	true	
WH_train_23383	1	79	true	
WH_train_23384	1	47	true	
WH_train_23400	1	105	true	
WH_train_23401	1	100	true	
WH_train_23407	1	8	true	
WH_train_23429	1	101	true	
WH_train_23434	1	77	true	
WH_train_23440	1	106	true	
WH_train_23444	1	9	true	
WH_train_23454	1	43	true	
WH_train_23464	1	16	true	
WH_train_23465	1	102	true	
WH_train_23474	1	8	true	
WH_train_23475	1	29	true	
WH_train_23483	1	100	true	
WH_train_23486	1	4	true	
WH_train_23489	1	8	true	
WH_train_23507	1	90	true	
WH_train_23518	1	83	true	
WH_train_23526	1	105	true	
WH_train_23541	1	102	true	
WH_train_23552	1	5	true	
WH_train_23553	1	101	true	
WH_train_23555	1	58	true	
WH_train_23556	1	103	true	
WH_train_23559	1	22	true	
WH_train_23570	1	101	true	
WH_train_23571	1	82	true	
WH_train_23578	1	102	true	
WH_train_23579	1	100	true	
WH_train_23583	1	63	true	
WH_train_23594	1	105	true	
WH_train_23640	1	59	true	
WH_train_23658	1	104	true	
WH_train_23660	1	88	true	
WH_train_23672	1	102	true	
WH_train_23685	1	59	true	
WH_train_23703	1	103	true	
WH_train_23712	1	102	true	
WH_train_23718	1	101	true	
WH_train_23722	1	102	true	
WH_train_23731	1	101	true	
WH_train_23736	1	50	true	
WH_train_23737	1	6	true	
WH_train_23747	1	33	true	
WH_train_23749	1	65	true	
WH_train_23754	1	104	true	
WH_train_23756	1	106	true	
WH_train_23764	1	39	true	
WH_train_23765	1	103	true	
WH_train_23767	1	3	true	
WH_train_23769	1	101	true	
WH_train_23771	1	2	true	
WH_train_23773	1	102	true	
WH_train_23781	1	100	true	
WH_train_23789	1	103	true	
WH_train_23792	1	101	true	
WH_train_23806	10	102	false	
WH_train_23815	1	35	true	
WH_train_23832	1	94	true	
WH_train_23841	1	104	true	
WH_train_23842	1	100	true	
WH_train_23847	1	23	true	
WH_train_23875	1	102	true	
WH_train_23882	1	4	true	
WH_train_23925	1	102	true	
WH_train_23939	1	101	true	
WH_train_23961	1	19	true	
WH_train_23966	1	102	true	
WH_train_23980	1	12	true	
WH_train_23982	1	89	true	
WH_train_23988	1	53	true	
WH_train_23995	1	6	true	
WH_train_24005	1	100	true	
WH_train_24012	1	6	true	
WH_train_24018	1	5	true	
WH_train_24024	1	107	true	
WH_train_24037	1	87	true	
WH_train_24076	1	96	true	
WH_train_24084	1	102	true	
WH_train_24086	1	101	true	
WH_train_24092	1	84	true	
WH_train_24103	1	78	true	
WH_train_24107	1	92	true	
WH_train_24118	1	3	true	
WH_train_24120	1	11	true	
WH_train_24137	1	97	true	
WH_train_24143	1	102	true	
WH_train_24156	1	102	true	
WH_train_24182	1	36	true	
WH_train_24186	1	64	true	
WH_train_24191	1	8	true	
WH_train_24192	1	103	true	
WH_train_24193	1	15	true	
WH_train_24197	1	103	true	
WH_train_24207	1	102	true	
WH_train_24218	1	7	true	
WH_train_24220	1	47	true	
WH_train_24223	1	40	true	
WH_train_24224	1	45	true	
WH_train_24229	1	71	true	
WH_train_24232	1	102	true	
WH_train_24238	1	37	true	
WH_train_24253	1	101	true	
WH_train_24265	1	26	true	
WH_train_24269	1	102	true	
WH_train_24272	1	89	true	
WH_train_24280	1	37	true	
WH_train_24288	1	7	true	
WH_train_24297	1	10	true	
WH_train_24319	1	101	true	
WH_train_24329	1	94	true	
WH_train_24336	1	12	true	
WH_train_24341	1	103	true	
WH_train_24345	1	44	true	
WH_train_24350	1	104	true	
WH_train_24351	1	97	true	
WH_train_24356	1	101	true	
WH_train_24372	1	87	true	
WH_train_24378	1	95	true	
WH_train_24403	1	59	true	
WH_train_24406	1	103	true	
WH_train_24413	1	47	true	
WH_train_24418	1	56	true	
WH_train_24423	1	80	true	
WH_train_24427	1	88	true	
WH_train_24431	1	103	true	
WH_train_24432	1	106	true	
WH_train_24437	1	29	true	
WH_train_24447	1	17	true	
WH_train_24451	1	3	true	
WH_train_24452	1	27	true	
WH_train_24475	1	5	true	
WH_train_24481	1	95	true	
WH_train_24503	10	101	false	
WH_train_24507	1	37	true	
WH_train_24529	1	102	true	
WH_train_24530	1	105	true	
WH_train_24548	1	105	true	
WH_train_24552	1	105	true	
WH_train_24556	1	5	true	
WH_train_24563	1	48	true	
WH_train_24601	1	3	true	
WH_train_24610	1	100	true	
WH_train_24612	1	64	true	
WH_train_24629	1	24	true	
WH_train_24639	1	25	true	
WH_train_24650	1	103	true	
WH_train_24658	1	100	true	
WH_train_24672	1	102	true	
WH_train_24673	1	25	true	
WH_train_24675	1	75	true	
WH_train_24676	1	104	true	
WH_train_24684	10	83	false	
WH_train_24689	1	19	true	
WH_train_24745	1	99	true	
WH_train_24752	1	102	true	
WH_train_24757	1	8	true	
WH_train_24764	1	101	true	
WH_train_24765	1	36	true	
WH_train_24767	1	78	true	
WH_train_24777	1	40	true	
WH_train_24778	1	109	true	
WH_train_24779	1	6	true	
WH_train_24789	1	8	true	
WH_train_24791	1	10	true	
WH_train_24824	1	20	true	
WH_train_24826	1	104	true	
WH_train_24833	1	25	true	
WH_train_24839	1	101	true	
WH_train_24858	1	17	true	
WH_train_24861	1	62	true	
WH_train_24873	1	90	true	
WH_train_24881	1	7	true	
WH_train_24882	1	103	true	
WH_train_24893	1	99	true	
WH_train_24914	1	10	true	
WH_train_24929	1	19	true	
WH_train_24947	1	103	true	
WH_train_24955	1	10	true	
WH_train_24956	1	51	true	
WH_train_24968	1	16	true	
WH_train_24980	1	23	true	
WH_train_24987	1	37	true	
WH_train_24992	1	6	true	
WH_train_25001	1	101	true	
WH_train_25005	1	67	true	
WH_train_25011	1	44	true	
WH_train_25014	10	104	false	
WH_train_25030	1	104	true	
WH_train_25031	1	5	true	
WH_train_25033	1	102	true	
WH_train_25039	1	98	true	
WH_train_25040	1	90	true	
WH_train_25048	10	101	false	
WH_train_25053	1	88	true	
WH_train_25061	1	29	true	
WH_train_25077	1	31	true	
WH_train_25081	1	110	true	
WH_train_25085	1	101	true	
WH_train_25112	1	87	true	
WH_train_25114	1	101	true	
WH_train_25115	1	5	true	
WH_train_25116	1	100	true	
WH_train_25123	1	54	true	
WH_train_25130	1	19	true	
WH_train_25139	1	95	true	
WH_train_25164	1	101	true	
WH_train_25167	1	25	true	
WH_train_25171	1	100	true	
WH_train_25173	1	105	true	
WH_train_25185	1	14	true	
WH_train_25193	1	99	true	
WH_train_25216	1	5	true	
WH_train_25232	1	102	true	
WH_train_25236	1	100	true	
WH_train_25246	1	47	true	
WH_train_25248	1	88	true	
WH_train_25249	1	100	true	
WH_train_25255	1	37	true	
